Category,Company,To,Subject,Body,Status
1,MIDOR,info@midor.com.eg,"Vendor Registration Request — Industrial Civil Works, Steel Fabrication & Piping — United Brothers Co.","Dear Sirs — Procurement & Tendering Department, MIDOR,

United Brothers Co. is an Egyptian industrial contractor specialized in:
- Industrial civil works and rapid civil maintenance inside operating plants
- Steel structure fabrication and erection, with full material traceability and QA/QC dossiers
- Piping prefabrication, erection and shutdown/turnaround support (certified welders; WPS/PQR available)
- Mechanical equipment installation

Our clients include multinational producers in the power, building materials and chemical sectors in Egypt; reference letters are available upon request.

We kindly request the registration of United Brothers Co. on MIDOR's approved vendor/contractor list so we can be considered in upcoming maintenance and project tenders. We routinely prefabricate piping spools ahead of shutdown windows to reduce on-site hot work during compressed turnaround schedules at the Amreya refinery.

Could you kindly share your vendor registration procedure or pre-qualification form, and confirm the correct email address of the responsible department? Our commercial registration, tax card, HSE/QA documentation and full capability statement are ready to submit.

Respectfully,
[Name] — Vendor Relations
United Brothers Co. — Industrial Civil Works | Steel Fabrication | Piping | Mechanical Installations
Email: contact.ubcsis@gmail.com | Mobile/WhatsApp: [add number]",DRAFT IN GMAIL (Martina Adel format)
1,Alexandria Petroleum Company,chairman@alx-pc.com,"Vendor Registration Request — Industrial Civil Works, Steel Fabrication & Piping — United Brothers Co.","Dear Sirs — Chairman's Office, Alexandria Petroleum Company,

United Brothers Co. is an Egyptian industrial contractor specialized in:
- Industrial civil works and rapid civil maintenance inside operating plants
- Steel structure fabrication and erection, with full material traceability and QA/QC dossiers
- Piping prefabrication, erection and shutdown/turnaround support (certified welders; WPS/PQR available)
- Mechanical equipment installation

Our clients include multinational producers in the power, building materials and chemical sectors in Egypt; reference letters are available upon request.

We kindly request the registration of United Brothers Co. on Alexandria Petroleum Company's approved vendor/contractor list so we can be considered in upcoming maintenance and project tenders. We specialize in the rehabilitation of aged civil structures, tank foundations, pipe racks and firewater networks alongside live refinery operations at El Max.

Could you kindly share your vendor registration procedure or pre-qualification form, and confirm the correct email address of the responsible department? Our commercial registration, tax card, HSE/QA documentation and full capability statement are ready to submit.

Respectfully,
[Name] — Vendor Relations
United Brothers Co. — Industrial Civil Works | Steel Fabrication | Piping | Mechanical Installations
Email: contact.ubcsis@gmail.com | Mobile/WhatsApp: [add number]",DRAFT IN GMAIL (Martina Adel format)
1,ANRPC,anrpccompany@yahoo.com,"Vendor Registration Request — Industrial Civil Works, Steel Fabrication & Piping — United Brothers Co.","Dear Sirs — Procurement & Tendering Department, ANRPC,

United Brothers Co. is an Egyptian industrial contractor specialized in:
- Industrial civil works and rapid civil maintenance inside operating plants
- Steel structure fabrication and erection, with full material traceability and QA/QC dossiers
- Piping prefabrication, erection and shutdown/turnaround support (certified welders; WPS/PQR available)
- Mechanical equipment installation

Our clients include multinational producers in the power, building materials and chemical sectors in Egypt; reference letters are available upon request.

We kindly request the registration of United Brothers Co. on ANRPC's approved vendor/contractor list so we can be considered in upcoming maintenance and project tenders. We are experienced in executing tie-ins and hot-work scopes inside live units under permit-to-work systems on tight brownfield sites.

Could you kindly share your vendor registration procedure or pre-qualification form, and confirm the correct email address of the responsible department? Our commercial registration, tax card, HSE/QA documentation and full capability statement are ready to submit.

Respectfully,
[Name] — Vendor Relations
United Brothers Co. — Industrial Civil Works | Steel Fabrication | Piping | Mechanical Installations
Email: contact.ubcsis@gmail.com | Mobile/WhatsApp: [add number]",DRAFT IN GMAIL (Martina Adel format)
1,AMOC,emarketing@amoceg.com,"Vendor Registration Request — Industrial Civil Works, Steel Fabrication & Piping — United Brothers Co.","Dear Sirs — Procurement & Tendering Department, AMOC,

United Brothers Co. is an Egyptian industrial contractor specialized in:
- Industrial civil works and rapid civil maintenance inside operating plants
- Steel structure fabrication and erection, with full material traceability and QA/QC dossiers
- Piping prefabrication, erection and shutdown/turnaround support (certified welders; WPS/PQR available)
- Mechanical equipment installation

Our clients include multinational producers in the power, building materials and chemical sectors in Egypt; reference letters are available upon request.

We kindly request the registration of United Brothers Co. on AMOC's approved vendor/contractor list so we can be considered in upcoming maintenance and project tenders. We regularly execute tank-farm maintenance and structural-steel repair/replacement scopes, including blasting and painting in coastal environments.

Could you kindly share your vendor registration procedure or pre-qualification form, and confirm the correct email address of the responsible department? Our commercial registration, tax card, HSE/QA documentation and full capability statement are ready to submit.

Respectfully,
[Name] — Vendor Relations
United Brothers Co. — Industrial Civil Works | Steel Fabrication | Piping | Mechanical Installations
Email: contact.ubcsis@gmail.com | Mobile/WhatsApp: [add number]",DRAFT IN GMAIL (Martina Adel format)
1,Suez Oil Processing Company,SOPC_ECEPP@suezprocessing.com,"Vendor Registration Request — Industrial Civil Works, Steel Fabrication & Piping — United Brothers Co.","Dear Sirs — Procurement Department, Suez Oil Processing Company,

United Brothers Co. is an Egyptian industrial contractor specialized in:
- Industrial civil works and rapid civil maintenance inside operating plants
- Steel structure fabrication and erection, with full material traceability and QA/QC dossiers
- Piping prefabrication, erection and shutdown/turnaround support (certified welders; WPS/PQR available)
- Mechanical equipment installation

Our clients include multinational producers in the power, building materials and chemical sectors in Egypt; reference letters are available upon request.

We kindly request the registration of United Brothers Co. on Suez Oil Processing Company's approved vendor/contractor list so we can be considered in upcoming maintenance and project tenders. We are well suited to heavy civil demolition/reconstruction and piping re-routing packages executed alongside live operations, and are prepared to participate in your tenders published through the EBRD ECEPP platform.

Could you kindly share your vendor registration procedure or pre-qualification form, and confirm the correct email address of the responsible department? Our commercial registration, tax card, HSE/QA documentation and full capability statement are ready to submit.

Respectfully,
[Name] — Vendor Relations
United Brothers Co. — Industrial Civil Works | Steel Fabrication | Piping | Mechanical Installations
Email: contact.ubcsis@gmail.com | Mobile/WhatsApp: [add number]",DRAFT IN GMAIL (Martina Adel format)
1,GASCO,info@gasco.com.eg,"Vendor Registration Request — Industrial Civil Works, Steel Fabrication & Piping — United Brothers Co.","Dear Sirs — Procurement & Tendering Department, GASCO,

United Brothers Co. is an Egyptian industrial contractor specialized in:
- Industrial civil works and rapid civil maintenance inside operating plants
- Steel structure fabrication and erection, with full material traceability and QA/QC dossiers
- Piping prefabrication, erection and shutdown/turnaround support (certified welders; WPS/PQR available)
- Mechanical equipment installation

Our clients include multinational producers in the power, building materials and chemical sectors in Egypt; reference letters are available upon request.

We kindly request the registration of United Brothers Co. on GASCO's approved vendor/contractor list so we can be considered in upcoming maintenance and project tenders. We follow your tenders page and would appreciate receiving the bidder registration forms for mechanical and civil works categories.

Could you kindly share your vendor registration procedure or pre-qualification form, and confirm the correct email address of the responsible department? Our commercial registration, tax card, HSE/QA documentation and full capability statement are ready to submit.

Respectfully,
[Name] — Vendor Relations
United Brothers Co. — Industrial Civil Works | Steel Fabrication | Piping | Mechanical Installations
Email: contact.ubcsis@gmail.com | Mobile/WhatsApp: [add number]",DRAFT IN GMAIL (Martina Adel format)
1,Egyptian Refining Company,info@ercegypt.com,"Vendor Registration Request — Industrial Civil Works, Steel Fabrication & Piping — United Brothers Co.","Dear Sirs — Procurement & Contracts Department, Egyptian Refining Company,

United Brothers Co. is an Egyptian industrial contractor specialized in:
- Industrial civil works and rapid civil maintenance inside operating plants
- Steel structure fabrication and erection, with full material traceability and QA/QC dossiers
- Piping prefabrication, erection and shutdown/turnaround support (certified welders; WPS/PQR available)
- Mechanical equipment installation

Our clients include multinational producers in the power, building materials and chemical sectors in Egypt; reference letters are available upon request.

We kindly request the registration of United Brothers Co. on Egyptian Refining Company's approved vendor/contractor list so we can be considered in upcoming maintenance and project tenders. We field ASME-compliant piping crews at scale and maintain the documented HSE and QA/QC systems your pre-qualification requires.

Could you kindly share your vendor registration procedure or pre-qualification form, and confirm the correct email address of the responsible department? Our commercial registration, tax card, HSE/QA documentation and full capability statement are ready to submit.

Respectfully,
[Name] — Vendor Relations
United Brothers Co. — Industrial Civil Works | Steel Fabrication | Piping | Mechanical Installations
Email: contact.ubcsis@gmail.com | Mobile/WhatsApp: [add number]",DRAFT IN GMAIL (Martina Adel format)
1,Cairo Oil Refining Company,info@corc.com.eg; projects@corc.com.eg,"Vendor Registration Request — Industrial Civil Works, Steel Fabrication & Piping — United Brothers Co.","Dear Sirs — Procurement & Projects Departments, Cairo Oil Refining Company,

United Brothers Co. is an Egyptian industrial contractor specialized in:
- Industrial civil works and rapid civil maintenance inside operating plants
- Steel structure fabrication and erection, with full material traceability and QA/QC dossiers
- Piping prefabrication, erection and shutdown/turnaround support (certified welders; WPS/PQR available)
- Mechanical equipment installation

Our clients include multinational producers in the power, building materials and chemical sectors in Egypt; reference letters are available upon request.

We kindly request the registration of United Brothers Co. on Cairo Oil Refining Company's approved vendor/contractor list so we can be considered in upcoming maintenance and project tenders. We handle both aged-asset civil rehabilitation and new-unit steel/piping erection, allowing one contractor to serve maintenance and capex scopes at Mostorod.

Could you kindly share your vendor registration procedure or pre-qualification form, and confirm the correct email address of the responsible department? Our commercial registration, tax card, HSE/QA documentation and full capability statement are ready to submit.

Respectfully,
[Name] — Vendor Relations
United Brothers Co. — Industrial Civil Works | Steel Fabrication | Piping | Mechanical Installations
Email: contact.ubcsis@gmail.com | Mobile/WhatsApp: [add number]",DRAFT IN GMAIL (Martina Adel format)
2,SIDPEC,info@sidpec.com,"Vendor Registration Request — Industrial Civil Works, Steel Fabrication & Piping — United Brothers Co.","Dear Sirs — Procurement & Tendering Department, SIDPEC,

United Brothers Co. is an Egyptian industrial contractor specialized in:
- Industrial civil works and rapid civil maintenance inside operating plants
- Steel structure fabrication and erection, with full material traceability and QA/QC dossiers
- Piping prefabrication, erection and shutdown/turnaround support (certified welders; WPS/PQR available)
- Mechanical equipment installation

Our clients include multinational producers in the power, building materials and chemical sectors in Egypt; reference letters are available upon request.

We kindly request the registration of United Brothers Co. on SIDPEC's approved vendor/contractor list so we can be considered in upcoming maintenance and project tenders. We prefabricate large-bore piping ahead of shutdown windows and execute furnace-area structural work under tight turnaround schedules at the Amreya complex.

Could you kindly share your vendor registration procedure or pre-qualification form, and confirm the correct email address of the responsible department? Our commercial registration, tax card, HSE/QA documentation and full capability statement are ready to submit.

Respectfully,
[Name] — Vendor Relations
United Brothers Co. — Industrial Civil Works | Steel Fabrication | Piping | Mechanical Installations
Email: contact.ubcsis@gmail.com | Mobile/WhatsApp: [add number]",DRAFT IN GMAIL (Martina Adel format)
2,Egyptian Petrochemicals Company,epc@egy-petrochem.com,"Vendor Registration Request — Industrial Civil Works, Steel Fabrication & Piping — United Brothers Co.","Dear Sirs — Procurement & Tendering Department, Egyptian Petrochemicals Company,

United Brothers Co. is an Egyptian industrial contractor specialized in:
- Industrial civil works and rapid civil maintenance inside operating plants
- Steel structure fabrication and erection, with full material traceability and QA/QC dossiers
- Piping prefabrication, erection and shutdown/turnaround support (certified welders; WPS/PQR available)
- Mechanical equipment installation

Our clients include multinational producers in the power, building materials and chemical sectors in Egypt; reference letters are available upon request.

We kindly request the registration of United Brothers Co. on Egyptian Petrochemicals Company's approved vendor/contractor list so we can be considered in upcoming maintenance and project tenders. We have strong experience replacing corrosion-damaged structural steel and piping and rehabilitating acid-attacked concrete in chlor-alkali environments.

Could you kindly share your vendor registration procedure or pre-qualification form, and confirm the correct email address of the responsible department? Our commercial registration, tax card, HSE/QA documentation and full capability statement are ready to submit.

Respectfully,
[Name] — Vendor Relations
United Brothers Co. — Industrial Civil Works | Steel Fabrication | Piping | Mechanical Installations
Email: contact.ubcsis@gmail.com | Mobile/WhatsApp: [add number]",DRAFT IN GMAIL (Martina Adel format)
2,E-Styrenics,info@estyrenics.com,"Vendor Registration Request — Industrial Civil Works, Steel Fabrication & Piping — United Brothers Co.","Dear Sirs — Procurement & Tendering Department, E-Styrenics,

United Brothers Co. is an Egyptian industrial contractor specialized in:
- Industrial civil works and rapid civil maintenance inside operating plants
- Steel structure fabrication and erection, with full material traceability and QA/QC dossiers
- Piping prefabrication, erection and shutdown/turnaround support (certified welders; WPS/PQR available)
- Mechanical equipment installation

Our clients include multinational producers in the power, building materials and chemical sectors in Egypt; reference letters are available upon request.

We kindly request the registration of United Brothers Co. on E-Styrenics's approved vendor/contractor list so we can be considered in upcoming maintenance and project tenders. We execute silo and materials-handling steel modifications and plant civil upgrades around continuous production at the Dekheila plant.

Could you kindly share your vendor registration procedure or pre-qualification form, and confirm the correct email address of the responsible department? Our commercial registration, tax card, HSE/QA documentation and full capability statement are ready to submit.

Respectfully,
[Name] — Vendor Relations
United Brothers Co. — Industrial Civil Works | Steel Fabrication | Piping | Mechanical Installations
Email: contact.ubcsis@gmail.com | Mobile/WhatsApp: [add number]",DRAFT IN GMAIL (Martina Adel format)
2,Egypt Hydrocarbon Corporation (Carbon Holdings),info@carbonholdings.com,"Vendor Registration Request — Industrial Civil Works, Steel Fabrication & Piping — United Brothers Co.","Dear Sirs — Procurement Department, Carbon Holdings / Egypt Hydrocarbon Corporation,

United Brothers Co. is an Egyptian industrial contractor specialized in:
- Industrial civil works and rapid civil maintenance inside operating plants
- Steel structure fabrication and erection, with full material traceability and QA/QC dossiers
- Piping prefabrication, erection and shutdown/turnaround support (certified welders; WPS/PQR available)
- Mechanical equipment installation

Our clients include multinational producers in the power, building materials and chemical sectors in Egypt; reference letters are available upon request.

We kindly request the registration of United Brothers Co. on Egypt Hydrocarbon Corporation (Carbon Holdings)'s approved vendor/contractor list so we can be considered in upcoming maintenance and project tenders. We operate under strict permit-to-work and safety-compliance regimes and deliver fully documented QA/QC for structural and mechanical maintenance scopes at the Ain Sokhna ammonium nitrate facility.

Could you kindly share your vendor registration procedure or pre-qualification form, and confirm the correct email address of the responsible department? Our commercial registration, tax card, HSE/QA documentation and full capability statement are ready to submit.

Respectfully,
[Name] — Vendor Relations
United Brothers Co. — Industrial Civil Works | Steel Fabrication | Piping | Mechanical Installations
Email: contact.ubcsis@gmail.com | Mobile/WhatsApp: [add number]",DRAFT IN GMAIL (Martina Adel format)
2,Abu Qir Fertilizers,info@abuqir.net,"Supplier Registration Request — Industrial Civil Works, Steel Fabrication & Piping — United Brothers Co.","Dear Sirs — Procurement & Tendering Department, Abu Qir Fertilizers,

United Brothers Co. is an Egyptian industrial contractor specialized in:
- Industrial civil works and rapid civil maintenance inside operating plants
- Steel structure fabrication and erection, with full material traceability and QA/QC dossiers
- Piping prefabrication, erection and shutdown/turnaround support (certified welders; WPS/PQR available)
- Mechanical equipment installation

Our clients include multinational producers in the power, building materials and chemical sectors in Egypt; reference letters are available upon request.

We kindly request the registration of United Brothers Co. on Abu Qir Fertilizers's approved vendor/contractor list so we can be considered in upcoming maintenance and project tenders. We routinely support ammonia/urea shutdown scopes and marine-side corrosion repair works, and would like to be added to your supplier/tender notification system for your three Abu Qir plants.

Could you kindly share your vendor registration procedure or pre-qualification form, and confirm the correct email address of the responsible department? Our commercial registration, tax card, HSE/QA documentation and full capability statement are ready to submit.

Respectfully,
[Name] — Vendor Relations
United Brothers Co. — Industrial Civil Works | Steel Fabrication | Piping | Mechanical Installations
Email: contact.ubcsis@gmail.com | Mobile/WhatsApp: [add number]",DRAFT IN GMAIL (Martina Adel format)
2,Alexandria Fertilizers Company (AlexFert),info@alexfert.com,"Vendor Registration Request — Industrial Civil Works, Steel Fabrication & Piping — United Brothers Co.","Dear Sirs — Procurement & Tendering Department, Alexandria Fertilizers Company,

United Brothers Co. is an Egyptian industrial contractor specialized in:
- Industrial civil works and rapid civil maintenance inside operating plants
- Steel structure fabrication and erection, with full material traceability and QA/QC dossiers
- Piping prefabrication, erection and shutdown/turnaround support (certified welders; WPS/PQR available)
- Mechanical equipment installation

Our clients include multinational producers in the power, building materials and chemical sectors in Egypt; reference letters are available upon request.

We kindly request the registration of United Brothers Co. on Alexandria Fertilizers Company (AlexFert)'s approved vendor/contractor list so we can be considered in upcoming maintenance and project tenders. We deliver documented, pre-qualified turnaround piping and granulation-unit steelwork support for ammonia/urea plants at Abu Qir.

Could you kindly share your vendor registration procedure or pre-qualification form, and confirm the correct email address of the responsible department? Our commercial registration, tax card, HSE/QA documentation and full capability statement are ready to submit.

Respectfully,
[Name] — Vendor Relations
United Brothers Co. — Industrial Civil Works | Steel Fabrication | Piping | Mechanical Installations
Email: contact.ubcsis@gmail.com | Mobile/WhatsApp: [add number]",DRAFT IN GMAIL (Martina Adel format)
2,Misr Chemical Industries,mci_alex@mci.com.eg; sales@mci.com.eg,"Vendor Registration Request — Industrial Civil Works, Steel Fabrication & Piping — United Brothers Co.","Dear Sirs — Procurement & Tendering Department, Misr Chemical Industries,

United Brothers Co. is an Egyptian industrial contractor specialized in:
- Industrial civil works and rapid civil maintenance inside operating plants
- Steel structure fabrication and erection, with full material traceability and QA/QC dossiers
- Piping prefabrication, erection and shutdown/turnaround support (certified welders; WPS/PQR available)
- Mechanical equipment installation

Our clients include multinational producers in the power, building materials and chemical sectors in Egypt; reference letters are available upon request.

We kindly request the registration of United Brothers Co. on Misr Chemical Industries's approved vendor/contractor list so we can be considered in upcoming maintenance and project tenders. We offer cost-competitive rehabilitation of caustic/chlorine-corroded structures, tanks and piping at the El Max site.

Could you kindly share your vendor registration procedure or pre-qualification form, and confirm the correct email address of the responsible department? Our commercial registration, tax card, HSE/QA documentation and full capability statement are ready to submit.

Respectfully,
[Name] — Vendor Relations
United Brothers Co. — Industrial Civil Works | Steel Fabrication | Piping | Mechanical Installations
Email: contact.ubcsis@gmail.com | Mobile/WhatsApp: [add number]",DRAFT IN GMAIL (Martina Adel format)
2,PACHIN,info@pachin.net,"Vendor Registration Request — Industrial Civil Works, Steel Fabrication & Piping — United Brothers Co.","Dear Sirs — Procurement & Tendering Department, PACHIN,

United Brothers Co. is an Egyptian industrial contractor specialized in:
- Industrial civil works and rapid civil maintenance inside operating plants
- Steel structure fabrication and erection, with full material traceability and QA/QC dossiers
- Piping prefabrication, erection and shutdown/turnaround support (certified welders; WPS/PQR available)
- Mechanical equipment installation

Our clients include multinational producers in the power, building materials and chemical sectors in Egypt; reference letters are available upon request.

We kindly request the registration of United Brothers Co. on PACHIN's approved vendor/contractor list so we can be considered in upcoming maintenance and project tenders. We execute flameproof-area piping, storage-tank bunds and warehouse civil expansions in solvent-handling facilities at 10th of Ramadan.

Could you kindly share your vendor registration procedure or pre-qualification form, and confirm the correct email address of the responsible department? Our commercial registration, tax card, HSE/QA documentation and full capability statement are ready to submit.

Respectfully,
[Name] — Vendor Relations
United Brothers Co. — Industrial Civil Works | Steel Fabrication | Piping | Mechanical Installations
Email: contact.ubcsis@gmail.com | Mobile/WhatsApp: [add number]",DRAFT IN GMAIL (Martina Adel format)
2,Sprea Misr,sales@spreamisr.com,"Vendor Registration Request — Industrial Civil Works, Steel Fabrication & Piping — United Brothers Co.","Dear Sirs — Sprea Misr (kindly forward to the Procurement/Projects Department),

United Brothers Co. is an Egyptian industrial contractor specialized in:
- Industrial civil works and rapid civil maintenance inside operating plants
- Steel structure fabrication and erection, with full material traceability and QA/QC dossiers
- Piping prefabrication, erection and shutdown/turnaround support (certified welders; WPS/PQR available)
- Mechanical equipment installation

Our clients include multinational producers in the power, building materials and chemical sectors in Egypt; reference letters are available upon request.

We kindly request the registration of United Brothers Co. on Sprea Misr's approved vendor/contractor list so we can be considered in upcoming maintenance and project tenders. We would like to be considered in your ongoing expansion projects at 10th of Ramadan City — steel-structure erection, storage tanks and utility piping packages.

Could you kindly share your vendor registration procedure or pre-qualification form, and confirm the correct email address of the responsible department? Our commercial registration, tax card, HSE/QA documentation and full capability statement are ready to submit.

Respectfully,
[Name] — Vendor Relations
United Brothers Co. — Industrial Civil Works | Steel Fabrication | Piping | Mechanical Installations
Email: contact.ubcsis@gmail.com | Mobile/WhatsApp: [add number]",DRAFT IN GMAIL (Martina Adel format)
2,TCI Sanmar Chemicals,tci@sanmargroup.com,"Vendor Registration Request — Industrial Civil Works, Steel Fabrication & Piping — United Brothers Co.","Dear Sirs — Procurement & Contracts Department, TCI Sanmar Chemicals,

United Brothers Co. is an Egyptian industrial contractor specialized in:
- Industrial civil works and rapid civil maintenance inside operating plants
- Steel structure fabrication and erection, with full material traceability and QA/QC dossiers
- Piping prefabrication, erection and shutdown/turnaround support (certified welders; WPS/PQR available)
- Mechanical equipment installation

Our clients include multinational producers in the power, building materials and chemical sectors in Egypt; reference letters are available upon request.

We kindly request the registration of United Brothers Co. on TCI Sanmar Chemicals's approved vendor/contractor list so we can be considered in upcoming maintenance and project tenders. We have solid experience replacing corrosion-damaged steel and piping in PVC/chlor-alkali environments and can mobilize quickly within the Suez Canal Economic Zone.

Could you kindly share your vendor registration procedure or pre-qualification form, and confirm the correct email address of the responsible department? Our commercial registration, tax card, HSE/QA documentation and full capability statement are ready to submit.

Respectfully,
[Name] — Vendor Relations
United Brothers Co. — Industrial Civil Works | Steel Fabrication | Piping | Mechanical Installations
Email: contact.ubcsis@gmail.com | Mobile/WhatsApp: [add number]",DRAFT IN GMAIL (Martina Adel format)
3,Arabian Food Industries (Domty),domty@domty.org,"Vendor Registration Request — Industrial Civil Works, Steel Fabrication & Piping — United Brothers Co.","Dear Sirs — Procurement Department, Domty,

United Brothers Co. is an Egyptian industrial contractor specialized in:
- Industrial civil works and rapid civil maintenance inside operating plants
- Steel structure fabrication and erection, with full material traceability and QA/QC dossiers
- Piping prefabrication, erection and shutdown/turnaround support (certified welders; WPS/PQR available)
- Mechanical equipment installation

Our clients include multinational producers in the power, building materials and chemical sectors in Egypt; reference letters are available upon request.

We kindly request the registration of United Brothers Co. on Arabian Food Industries (Domty)'s approved vendor/contractor list so we can be considered in upcoming maintenance and project tenders. We execute building modifications, utility piping re-routing and structural steel additions inside live food-safety environments at 6th of October City.

Could you kindly share your vendor registration procedure or pre-qualification form, and confirm the correct email address of the responsible department? Our commercial registration, tax card, HSE/QA documentation and full capability statement are ready to submit.

Respectfully,
[Name] — Vendor Relations
United Brothers Co. — Industrial Civil Works | Steel Fabrication | Piping | Mechanical Installations
Email: contact.ubcsis@gmail.com | Mobile/WhatsApp: [add number]",DRAFT IN GMAIL (Martina Adel format)
3,Farm Frites Egypt,Localsales@farmfrites.com.eg,"Vendor Registration Request — Industrial Civil Works, Steel Fabrication & Piping — United Brothers Co.","Dear Sirs — Farm Frites Egypt (kindly forward to the Procurement/Engineering Department),

United Brothers Co. is an Egyptian industrial contractor specialized in:
- Industrial civil works and rapid civil maintenance inside operating plants
- Steel structure fabrication and erection, with full material traceability and QA/QC dossiers
- Piping prefabrication, erection and shutdown/turnaround support (certified welders; WPS/PQR available)
- Mechanical equipment installation

Our clients include multinational producers in the power, building materials and chemical sectors in Egypt; reference letters are available upon request.

We kindly request the registration of United Brothers Co. on Farm Frites Egypt's approved vendor/contractor list so we can be considered in upcoming maintenance and project tenders. We support ammonia refrigeration plants and cold stores with support structures, pipe bridges, drainage and hygienic civil flooring rehabilitation under strict food-safety shutdown windows.

Could you kindly share your vendor registration procedure or pre-qualification form, and confirm the correct email address of the responsible department? Our commercial registration, tax card, HSE/QA documentation and full capability statement are ready to submit.

Respectfully,
[Name] — Vendor Relations
United Brothers Co. — Industrial Civil Works | Steel Fabrication | Piping | Mechanical Installations
Email: contact.ubcsis@gmail.com | Mobile/WhatsApp: [add number]",DRAFT IN GMAIL (Martina Adel format)
3,Regina Pasta & Food Industries,info@pastaregina.com,"Vendor Registration Request — Industrial Civil Works, Steel Fabrication & Piping — United Brothers Co.","Dear Sirs — Procurement Department, Regina Pasta & Food Industries,

United Brothers Co. is an Egyptian industrial contractor specialized in:
- Industrial civil works and rapid civil maintenance inside operating plants
- Steel structure fabrication and erection, with full material traceability and QA/QC dossiers
- Piping prefabrication, erection and shutdown/turnaround support (certified welders; WPS/PQR available)
- Mechanical equipment installation

Our clients include multinational producers in the power, building materials and chemical sectors in Egypt; reference letters are available upon request.

We kindly request the registration of United Brothers Co. on Regina Pasta & Food Industries's approved vendor/contractor list so we can be considered in upcoming maintenance and project tenders. We deliver silo foundations, conveyor and bucket-elevator steel structures and dust-controlled civil works at 10th of Ramadan City.

Could you kindly share your vendor registration procedure or pre-qualification form, and confirm the correct email address of the responsible department? Our commercial registration, tax card, HSE/QA documentation and full capability statement are ready to submit.

Respectfully,
[Name] — Vendor Relations
United Brothers Co. — Industrial Civil Works | Steel Fabrication | Piping | Mechanical Installations
Email: contact.ubcsis@gmail.com | Mobile/WhatsApp: [add number]",DRAFT IN GMAIL (Martina Adel format)
3,Faragalla Group,info@faragalla.com,"Vendor Registration Request — Industrial Civil Works, Steel Fabrication & Piping — United Brothers Co.","Dear Sirs — Procurement Department, Faragalla Group,

United Brothers Co. is an Egyptian industrial contractor specialized in:
- Industrial civil works and rapid civil maintenance inside operating plants
- Steel structure fabrication and erection, with full material traceability and QA/QC dossiers
- Piping prefabrication, erection and shutdown/turnaround support (certified welders; WPS/PQR available)
- Mechanical equipment installation

Our clients include multinational producers in the power, building materials and chemical sectors in Egypt; reference letters are available upon request.

We kindly request the registration of United Brothers Co. on Faragalla Group's approved vendor/contractor list so we can be considered in upcoming maintenance and project tenders. We can serve your entire Borg El Arab campus with inter-plant utility piping, steel sheds and civil infrastructure works under one registration.

Could you kindly share your vendor registration procedure or pre-qualification form, and confirm the correct email address of the responsible department? Our commercial registration, tax card, HSE/QA documentation and full capability statement are ready to submit.

Respectfully,
[Name] — Vendor Relations
United Brothers Co. — Industrial Civil Works | Steel Fabrication | Piping | Mechanical Installations
Email: contact.ubcsis@gmail.com | Mobile/WhatsApp: [add number]",DRAFT IN GMAIL (Martina Adel format)
3,Alexandria Oil & Soap Company,aosco_co@yahoo.com,"Vendor Registration Request — Industrial Civil Works, Steel Fabrication & Piping — United Brothers Co.","Dear Sirs — Procurement & Tendering Department, Alexandria Oil & Soap Company,

United Brothers Co. is an Egyptian industrial contractor specialized in:
- Industrial civil works and rapid civil maintenance inside operating plants
- Steel structure fabrication and erection, with full material traceability and QA/QC dossiers
- Piping prefabrication, erection and shutdown/turnaround support (certified welders; WPS/PQR available)
- Mechanical equipment installation

Our clients include multinational producers in the power, building materials and chemical sectors in Egypt; reference letters are available upon request.

We kindly request the registration of United Brothers Co. on Alexandria Oil & Soap Company's approved vendor/contractor list so we can be considered in upcoming maintenance and project tenders. We rehabilitate edible-oil tank farms, steam distribution piping and legacy industrial buildings, and regularly participate in public-sector tenders.

Could you kindly share your vendor registration procedure or pre-qualification form, and confirm the correct email address of the responsible department? Our commercial registration, tax card, HSE/QA documentation and full capability statement are ready to submit.

Respectfully,
[Name] — Vendor Relations
United Brothers Co. — Industrial Civil Works | Steel Fabrication | Piping | Mechanical Installations
Email: contact.ubcsis@gmail.com | Mobile/WhatsApp: [add number]",DRAFT IN GMAIL (Martina Adel format)
3,Egyptian Starch & Yeast Company,info@egysyd.com,"Vendor Registration Request — Industrial Civil Works, Steel Fabrication & Piping — United Brothers Co.","Dear Sirs — Procurement & Tendering Department, Egyptian Starch & Yeast Company,

United Brothers Co. is an Egyptian industrial contractor specialized in:
- Industrial civil works and rapid civil maintenance inside operating plants
- Steel structure fabrication and erection, with full material traceability and QA/QC dossiers
- Piping prefabrication, erection and shutdown/turnaround support (certified welders; WPS/PQR available)
- Mechanical equipment installation

Our clients include multinational producers in the power, building materials and chemical sectors in Egypt; reference letters are available upon request.

We kindly request the registration of United Brothers Co. on Egyptian Starch & Yeast Company's approved vendor/contractor list so we can be considered in upcoming maintenance and project tenders. We replace corroded steel supports and piping and rehabilitate industrial drainage in wet-process areas of legacy Alexandria plants.

Could you kindly share your vendor registration procedure or pre-qualification form, and confirm the correct email address of the responsible department? Our commercial registration, tax card, HSE/QA documentation and full capability statement are ready to submit.

Respectfully,
[Name] — Vendor Relations
United Brothers Co. — Industrial Civil Works | Steel Fabrication | Piping | Mechanical Installations
Email: contact.ubcsis@gmail.com | Mobile/WhatsApp: [add number]",DRAFT IN GMAIL (Martina Adel format)
4,Ezz Steel,info@ezzsteel.com,"Vendor Registration Request — Industrial Civil Works, Steel Fabrication & Piping — United Brothers Co.","Dear Sirs — Procurement & Contracts Department, Ezz Steel,

United Brothers Co. is an Egyptian industrial contractor specialized in:
- Industrial civil works and rapid civil maintenance inside operating plants
- Steel structure fabrication and erection, with full material traceability and QA/QC dossiers
- Piping prefabrication, erection and shutdown/turnaround support (certified welders; WPS/PQR available)
- Mechanical equipment installation

Our clients include multinational producers in the power, building materials and chemical sectors in Egypt; reference letters are available upon request.

We kindly request the registration of United Brothers Co. on Ezz Steel's approved vendor/contractor list so we can be considered in upcoming maintenance and project tenders. We execute furnace-area structural steel, dedusting duct fabrication, crane-rail/girder repairs and heavy machine foundations across EAF and rolling-mill sites, including Ain Sokhna, Suez and 10th of Ramadan.

Could you kindly share your vendor registration procedure or pre-qualification form, and confirm the correct email address of the responsible department? Our commercial registration, tax card, HSE/QA documentation and full capability statement are ready to submit.

Respectfully,
[Name] — Vendor Relations
United Brothers Co. — Industrial Civil Works | Steel Fabrication | Piping | Mechanical Installations
Email: contact.ubcsis@gmail.com | Mobile/WhatsApp: [add number]",DRAFT IN GMAIL (Martina Adel format)
4,Suez Steel (Solb Misr),info@solbmisr.com,"Vendor Registration Request — Industrial Civil Works, Steel Fabrication & Piping — United Brothers Co.","Dear Sirs — Procurement & Contracts Department, Suez Steel,

United Brothers Co. is an Egyptian industrial contractor specialized in:
- Industrial civil works and rapid civil maintenance inside operating plants
- Steel structure fabrication and erection, with full material traceability and QA/QC dossiers
- Piping prefabrication, erection and shutdown/turnaround support (certified welders; WPS/PQR available)
- Mechanical equipment installation

Our clients include multinational producers in the power, building materials and chemical sectors in Egypt; reference letters are available upon request.

We kindly request the registration of United Brothers Co. on Suez Steel (Solb Misr)'s approved vendor/contractor list so we can be considered in upcoming maintenance and project tenders. We support DRI/EAF complexes with refractory-adjacent steelwork, water-treatment civil works, conveyor galleries and mill-line mechanical maintenance at Ataqa.

Could you kindly share your vendor registration procedure or pre-qualification form, and confirm the correct email address of the responsible department? Our commercial registration, tax card, HSE/QA documentation and full capability statement are ready to submit.

Respectfully,
[Name] — Vendor Relations
United Brothers Co. — Industrial Civil Works | Steel Fabrication | Piping | Mechanical Installations
Email: contact.ubcsis@gmail.com | Mobile/WhatsApp: [add number]",DRAFT IN GMAIL (Martina Adel format)
4,Egyptian Steel Group,contact.us@egyptian-steel.com; info@egyptian-steel.com,"Vendor Registration Request — Industrial Civil Works, Steel Fabrication & Piping — United Brothers Co.","Dear Sirs — Procurement & Contracts Department, Egyptian Steel Group,

United Brothers Co. is an Egyptian industrial contractor specialized in:
- Industrial civil works and rapid civil maintenance inside operating plants
- Steel structure fabrication and erection, with full material traceability and QA/QC dossiers
- Piping prefabrication, erection and shutdown/turnaround support (certified welders; WPS/PQR available)
- Mechanical equipment installation

Our clients include multinational producers in the power, building materials and chemical sectors in Egypt; reference letters are available upon request.

We kindly request the registration of United Brothers Co. on Egyptian Steel Group's approved vendor/contractor list so we can be considered in upcoming maintenance and project tenders. We deliver melt-shop structural repairs, fume-extraction ducting and heavy equipment foundations within tight maintenance windows at your Ain Sokhna and Beni Suef plants.

Could you kindly share your vendor registration procedure or pre-qualification form, and confirm the correct email address of the responsible department? Our commercial registration, tax card, HSE/QA documentation and full capability statement are ready to submit.

Respectfully,
[Name] — Vendor Relations
United Brothers Co. — Industrial Civil Works | Steel Fabrication | Piping | Mechanical Installations
Email: contact.ubcsis@gmail.com | Mobile/WhatsApp: [add number]",DRAFT IN GMAIL (Martina Adel format)
4,Misr National Steel (Ataqa),info@misrns.com,"Vendor Registration Request — Industrial Civil Works, Steel Fabrication & Piping — United Brothers Co.","Dear Sirs — Procurement Department, Misr National Steel,

United Brothers Co. is an Egyptian industrial contractor specialized in:
- Industrial civil works and rapid civil maintenance inside operating plants
- Steel structure fabrication and erection, with full material traceability and QA/QC dossiers
- Piping prefabrication, erection and shutdown/turnaround support (certified welders; WPS/PQR available)
- Mechanical equipment installation

Our clients include multinational producers in the power, building materials and chemical sectors in Egypt; reference letters are available upon request.

We kindly request the registration of United Brothers Co. on Misr National Steel (Ataqa)'s approved vendor/contractor list so we can be considered in upcoming maintenance and project tenders. We mobilize quickly within the Suez industrial zone for rolling-line maintenance, structural repairs and scrap-yard civil infrastructure works.

Could you kindly share your vendor registration procedure or pre-qualification form, and confirm the correct email address of the responsible department? Our commercial registration, tax card, HSE/QA documentation and full capability statement are ready to submit.

Respectfully,
[Name] — Vendor Relations
United Brothers Co. — Industrial Civil Works | Steel Fabrication | Piping | Mechanical Installations
Email: contact.ubcsis@gmail.com | Mobile/WhatsApp: [add number]",DRAFT IN GMAIL (Martina Adel format)
4,Beshay Steel,info@beshaysteel.com,"Vendor Registration Request — Industrial Civil Works, Steel Fabrication & Piping — United Brothers Co.","Dear Sirs — Procurement & Contracts Department, Beshay Steel,

United Brothers Co. is an Egyptian industrial contractor specialized in:
- Industrial civil works and rapid civil maintenance inside operating plants
- Steel structure fabrication and erection, with full material traceability and QA/QC dossiers
- Piping prefabrication, erection and shutdown/turnaround support (certified welders; WPS/PQR available)
- Mechanical equipment installation

Our clients include multinational producers in the power, building materials and chemical sectors in Egypt; reference letters are available upon request.

We kindly request the registration of United Brothers Co. on Beshay Steel's approved vendor/contractor list so we can be considered in upcoming maintenance and project tenders. We support planned mill stops with structural repairs, material-handling steel and mechanical erection at your Sadat City complex.

Could you kindly share your vendor registration procedure or pre-qualification form, and confirm the correct email address of the responsible department? Our commercial registration, tax card, HSE/QA documentation and full capability statement are ready to submit.

Respectfully,
[Name] — Vendor Relations
United Brothers Co. — Industrial Civil Works | Steel Fabrication | Piping | Mechanical Installations
Email: contact.ubcsis@gmail.com | Mobile/WhatsApp: [add number]",DRAFT IN GMAIL (Martina Adel format)
4,Elsewedy Electric,info@elsewedy.com,"Vendor Registration Request — Industrial Civil Works, Steel Fabrication & Piping — United Brothers Co.","Dear Sirs — Procurement Department, Elsewedy Electric,

United Brothers Co. is an Egyptian industrial contractor specialized in:
- Industrial civil works and rapid civil maintenance inside operating plants
- Steel structure fabrication and erection, with full material traceability and QA/QC dossiers
- Piping prefabrication, erection and shutdown/turnaround support (certified welders; WPS/PQR available)
- Mechanical equipment installation

Our clients include multinational producers in the power, building materials and chemical sectors in Egypt; reference letters are available upon request.

We kindly request the registration of United Brothers Co. on Elsewedy Electric's approved vendor/contractor list so we can be considered in upcoming maintenance and project tenders. We deliver production-hall steel structures, cable-tray bridges, utility piping and heavy machine foundations across your 10th of Ramadan manufacturing campus.

Could you kindly share your vendor registration procedure or pre-qualification form, and confirm the correct email address of the responsible department? Our commercial registration, tax card, HSE/QA documentation and full capability statement are ready to submit.

Respectfully,
[Name] — Vendor Relations
United Brothers Co. — Industrial Civil Works | Steel Fabrication | Piping | Mechanical Installations
Email: contact.ubcsis@gmail.com | Mobile/WhatsApp: [add number]",DRAFT IN GMAIL (Martina Adel format)
4,ABB Egypt,contact.center@eg.abb.com,"Vendor Registration Request — Industrial Civil Works, Steel Fabrication & Piping — United Brothers Co.","Dear Sirs — Procurement / Supply Chain, ABB Egypt,

United Brothers Co. is an Egyptian industrial contractor specialized in:
- Industrial civil works and rapid civil maintenance inside operating plants
- Steel structure fabrication and erection, with full material traceability and QA/QC dossiers
- Piping prefabrication, erection and shutdown/turnaround support (certified welders; WPS/PQR available)
- Mechanical equipment installation

Our clients include multinational producers in the power, building materials and chemical sectors in Egypt; reference letters are available upon request.

We kindly request the registration of United Brothers Co. on ABB Egypt's approved vendor/contractor list so we can be considered in upcoming maintenance and project tenders. We meet global contractor-safety pre-qualification standards and would appreciate guidance on registering as a supplier for facility and civil/mechanical works at your 10th of Ramadan factories (including via SAP Ariba if invitation is required).

Could you kindly share your vendor registration procedure or pre-qualification form, and confirm the correct email address of the responsible department? Our commercial registration, tax card, HSE/QA documentation and full capability statement are ready to submit.

Respectfully,
[Name] — Vendor Relations
United Brothers Co. — Industrial Civil Works | Steel Fabrication | Piping | Mechanical Installations
Email: contact.ubcsis@gmail.com | Mobile/WhatsApp: [add number]",DRAFT IN GMAIL (Martina Adel format)
4,El Araby Group,contactus@elarabygroup.com,"Vendor Registration Request — Industrial Civil Works, Steel Fabrication & Piping — United Brothers Co.","Dear Sirs — Procurement & Projects Department, El Araby Group,

United Brothers Co. is an Egyptian industrial contractor specialized in:
- Industrial civil works and rapid civil maintenance inside operating plants
- Steel structure fabrication and erection, with full material traceability and QA/QC dossiers
- Piping prefabrication, erection and shutdown/turnaround support (certified welders; WPS/PQR available)
- Mechanical equipment installation

Our clients include multinational producers in the power, building materials and chemical sectors in Egypt; reference letters are available upon request.

We kindly request the registration of United Brothers Co. on El Araby Group's approved vendor/contractor list so we can be considered in upcoming maintenance and project tenders. We execute steel structures, infrastructure civil works and utility networks for large industrial campuses and would like to register as a contractor for your Quesna complex.

Could you kindly share your vendor registration procedure or pre-qualification form, and confirm the correct email address of the responsible department? Our commercial registration, tax card, HSE/QA documentation and full capability statement are ready to submit.

Respectfully,
[Name] — Vendor Relations
United Brothers Co. — Industrial Civil Works | Steel Fabrication | Piping | Mechanical Installations
Email: contact.ubcsis@gmail.com | Mobile/WhatsApp: [add number]",DRAFT IN GMAIL (Martina Adel format)
4,Alexandria Shipyard,alexyard@alexyard.com.eg,"Vendor Registration Request — Industrial Civil Works, Steel Fabrication & Piping — United Brothers Co.","Dear Sirs — Procurement & Subcontracts Department, Alexandria Shipyard,

United Brothers Co. is an Egyptian industrial contractor specialized in:
- Industrial civil works and rapid civil maintenance inside operating plants
- Steel structure fabrication and erection, with full material traceability and QA/QC dossiers
- Piping prefabrication, erection and shutdown/turnaround support (certified welders; WPS/PQR available)
- Mechanical equipment installation

Our clients include multinational producers in the power, building materials and chemical sectors in Egypt; reference letters are available upon request.

We kindly request the registration of United Brothers Co. on Alexandria Shipyard's approved vendor/contractor list so we can be considered in upcoming maintenance and project tenders. We provide certified steel fabrication, blasting/painting and heavy structural works from our own workshop and can absorb overflow demand during peak vessel programs.

Could you kindly share your vendor registration procedure or pre-qualification form, and confirm the correct email address of the responsible department? Our commercial registration, tax card, HSE/QA documentation and full capability statement are ready to submit.

Respectfully,
[Name] — Vendor Relations
United Brothers Co. — Industrial Civil Works | Steel Fabrication | Piping | Mechanical Installations
Email: contact.ubcsis@gmail.com | Mobile/WhatsApp: [add number]",DRAFT IN GMAIL (Martina Adel format)
4,MCV,info@mcv-eg.com,"Vendor Registration Request — Industrial Civil Works, Steel Fabrication & Piping — United Brothers Co.","Dear Sirs — Procurement Department, MCV,

United Brothers Co. is an Egyptian industrial contractor specialized in:
- Industrial civil works and rapid civil maintenance inside operating plants
- Steel structure fabrication and erection, with full material traceability and QA/QC dossiers
- Piping prefabrication, erection and shutdown/turnaround support (certified welders; WPS/PQR available)
- Mechanical equipment installation

Our clients include multinational producers in the power, building materials and chemical sectors in Egypt; reference letters are available upon request.

We kindly request the registration of United Brothers Co. on MCV's approved vendor/contractor list so we can be considered in upcoming maintenance and project tenders. We deliver assembly-hall steel structures, paint-shop mechanical utilities and civil infrastructure with the vendor documentation standards your export programs require.

Could you kindly share your vendor registration procedure or pre-qualification form, and confirm the correct email address of the responsible department? Our commercial registration, tax card, HSE/QA documentation and full capability statement are ready to submit.

Respectfully,
[Name] — Vendor Relations
United Brothers Co. — Industrial Civil Works | Steel Fabrication | Piping | Mechanical Installations
Email: contact.ubcsis@gmail.com | Mobile/WhatsApp: [add number]",DRAFT IN GMAIL (Martina Adel format)
5,Pharco Pharmaceuticals,pharco@pharco.com.eg,"Vendor Registration Request — Industrial Civil Works, Steel Fabrication & Piping — United Brothers Co.","Dear Sirs — Procurement & Engineering Department, Pharco Pharmaceuticals,

United Brothers Co. is an Egyptian industrial contractor specialized in:
- Industrial civil works and rapid civil maintenance inside operating plants
- Steel structure fabrication and erection, with full material traceability and QA/QC dossiers
- Piping prefabrication, erection and shutdown/turnaround support (certified welders; WPS/PQR available)
- Mechanical equipment installation

Our clients include multinational producers in the power, building materials and chemical sectors in Egypt; reference letters are available upon request.

We kindly request the registration of United Brothers Co. on Pharco Pharmaceuticals's approved vendor/contractor list so we can be considered in upcoming maintenance and project tenders. We support GMP facilities with clean-utility piping support (steam, purified-water loops), HVAC support steel, warehouse expansions and WWTP civil works, executed by documented contractors around validated areas.

Could you kindly share your vendor registration procedure or pre-qualification form, and confirm the correct email address of the responsible department? Our commercial registration, tax card, HSE/QA documentation and full capability statement are ready to submit.

Respectfully,
[Name] — Vendor Relations
United Brothers Co. — Industrial Civil Works | Steel Fabrication | Piping | Mechanical Installations
Email: contact.ubcsis@gmail.com | Mobile/WhatsApp: [add number]",DRAFT IN GMAIL (Martina Adel format)
5,Amriya Pharmaceutical Industries,info@amriya-pharma.com,"Vendor Registration Request — Industrial Civil Works, Steel Fabrication & Piping — United Brothers Co.","Dear Sirs — Procurement & Engineering Department, Amriya Pharmaceutical Industries,

United Brothers Co. is an Egyptian industrial contractor specialized in:
- Industrial civil works and rapid civil maintenance inside operating plants
- Steel structure fabrication and erection, with full material traceability and QA/QC dossiers
- Piping prefabrication, erection and shutdown/turnaround support (certified welders; WPS/PQR available)
- Mechanical equipment installation

Our clients include multinational producers in the power, building materials and chemical sectors in Egypt; reference letters are available upon request.

We kindly request the registration of United Brothers Co. on Amriya Pharmaceutical Industries's approved vendor/contractor list so we can be considered in upcoming maintenance and project tenders. We execute structural steel for utility yards, boiler-house piping and civil rehabilitation around validated production areas.

Could you kindly share your vendor registration procedure or pre-qualification form, and confirm the correct email address of the responsible department? Our commercial registration, tax card, HSE/QA documentation and full capability statement are ready to submit.

Respectfully,
[Name] — Vendor Relations
United Brothers Co. — Industrial Civil Works | Steel Fabrication | Piping | Mechanical Installations
Email: contact.ubcsis@gmail.com | Mobile/WhatsApp: [add number]",DRAFT IN GMAIL (Martina Adel format)
5,Alexandria Co. for Pharmaceuticals (ACAPI),info@alexcopharma.net,"Vendor Registration Request — Industrial Civil Works, Steel Fabrication & Piping — United Brothers Co.","Dear Sirs — Procurement & Tendering Department, Alexandria Co. for Pharmaceuticals,

United Brothers Co. is an Egyptian industrial contractor specialized in:
- Industrial civil works and rapid civil maintenance inside operating plants
- Steel structure fabrication and erection, with full material traceability and QA/QC dossiers
- Piping prefabrication, erection and shutdown/turnaround support (certified welders; WPS/PQR available)
- Mechanical equipment installation

Our clients include multinational producers in the power, building materials and chemical sectors in Egypt; reference letters are available upon request.

We kindly request the registration of United Brothers Co. on Alexandria Co. for Pharmaceuticals (ACAPI)'s approved vendor/contractor list so we can be considered in upcoming maintenance and project tenders. We rehabilitate legacy pharmaceutical buildings, drainage and utility piping and regularly participate in public-sector tenders.

Could you kindly share your vendor registration procedure or pre-qualification form, and confirm the correct email address of the responsible department? Our commercial registration, tax card, HSE/QA documentation and full capability statement are ready to submit.

Respectfully,
[Name] — Vendor Relations
United Brothers Co. — Industrial Civil Works | Steel Fabrication | Piping | Mechanical Installations
Email: contact.ubcsis@gmail.com | Mobile/WhatsApp: [add number]",DRAFT IN GMAIL (Martina Adel format)
5,EIPICO,CommercialSector@eipico.net; eipico@eipico.com.eg,"Vendor Registration Request — Industrial Civil Works, Steel Fabrication & Piping — United Brothers Co.","Dear Sirs — Commercial Sector / Procurement, EIPICO,

United Brothers Co. is an Egyptian industrial contractor specialized in:
- Industrial civil works and rapid civil maintenance inside operating plants
- Steel structure fabrication and erection, with full material traceability and QA/QC dossiers
- Piping prefabrication, erection and shutdown/turnaround support (certified welders; WPS/PQR available)
- Mechanical equipment installation

Our clients include multinational producers in the power, building materials and chemical sectors in Egypt; reference letters are available upon request.

We kindly request the registration of United Brothers Co. on EIPICO's approved vendor/contractor list so we can be considered in upcoming maintenance and project tenders. We deliver steel mezzanines, utility piping (steam/chilled water) and civil works for new filling lines under EU-GMP documentation standards at 10th of Ramadan.

Could you kindly share your vendor registration procedure or pre-qualification form, and confirm the correct email address of the responsible department? Our commercial registration, tax card, HSE/QA documentation and full capability statement are ready to submit.

Respectfully,
[Name] — Vendor Relations
United Brothers Co. — Industrial Civil Works | Steel Fabrication | Piping | Mechanical Installations
Email: contact.ubcsis@gmail.com | Mobile/WhatsApp: [add number]",DRAFT IN GMAIL (Martina Adel format)
5,Egypt Otsuka Pharmaceutical,information@egyptotsuka.com,"Vendor Registration Request — Industrial Civil Works, Steel Fabrication & Piping — United Brothers Co.","Dear Sirs — Procurement & Engineering Department, Egypt Otsuka Pharmaceutical,

United Brothers Co. is an Egyptian industrial contractor specialized in:
- Industrial civil works and rapid civil maintenance inside operating plants
- Steel structure fabrication and erection, with full material traceability and QA/QC dossiers
- Piping prefabrication, erection and shutdown/turnaround support (certified welders; WPS/PQR available)
- Mechanical equipment installation

Our clients include multinational producers in the power, building materials and chemical sectors in Egypt; reference letters are available upon request.

We kindly request the registration of United Brothers Co. on Egypt Otsuka Pharmaceutical's approved vendor/contractor list so we can be considered in upcoming maintenance and project tenders. We support water/steam-intensive IV-solutions production with boiler and purified-water piping support, tank foundations and hygienic civil flooring within validation-controlled shutdowns.

Could you kindly share your vendor registration procedure or pre-qualification form, and confirm the correct email address of the responsible department? Our commercial registration, tax card, HSE/QA documentation and full capability statement are ready to submit.

Respectfully,
[Name] — Vendor Relations
United Brothers Co. — Industrial Civil Works | Steel Fabrication | Piping | Mechanical Installations
Email: contact.ubcsis@gmail.com | Mobile/WhatsApp: [add number]",DRAFT IN GMAIL (Martina Adel format)
5,EVA Pharma,info@evapharma.com,"Vendor Registration Request — Industrial Civil Works, Steel Fabrication & Piping — United Brothers Co.","Dear Sirs — Procurement & Engineering Department, EVA Pharma,

United Brothers Co. is an Egyptian industrial contractor specialized in:
- Industrial civil works and rapid civil maintenance inside operating plants
- Steel structure fabrication and erection, with full material traceability and QA/QC dossiers
- Piping prefabrication, erection and shutdown/turnaround support (certified welders; WPS/PQR available)
- Mechanical equipment installation

Our clients include multinational producers in the power, building materials and chemical sectors in Egypt; reference letters are available upon request.

We kindly request the registration of United Brothers Co. on EVA Pharma's approved vendor/contractor list so we can be considered in upcoming maintenance and project tenders. We deliver fast-track structural steel, utility piping and civil packages for expanding pharmaceutical sites, with documentation aligned to international audit standards.

Could you kindly share your vendor registration procedure or pre-qualification form, and confirm the correct email address of the responsible department? Our commercial registration, tax card, HSE/QA documentation and full capability statement are ready to submit.

Respectfully,
[Name] — Vendor Relations
United Brothers Co. — Industrial Civil Works | Steel Fabrication | Piping | Mechanical Installations
Email: contact.ubcsis@gmail.com | Mobile/WhatsApp: [add number]",DRAFT IN GMAIL (Martina Adel format)
5,Hikma Pharmaceuticals Egypt,hikmas2c@hikma.com,"Vendor Registration Request — Industrial Civil Works, Steel Fabrication & Piping — United Brothers Co.","Dear Sirs — Source-to-Contract Team, Hikma Pharmaceuticals,

United Brothers Co. is an Egyptian industrial contractor specialized in:
- Industrial civil works and rapid civil maintenance inside operating plants
- Steel structure fabrication and erection, with full material traceability and QA/QC dossiers
- Piping prefabrication, erection and shutdown/turnaround support (certified welders; WPS/PQR available)
- Mechanical equipment installation

Our clients include multinational producers in the power, building materials and chemical sectors in Egypt; reference letters are available upon request.

We kindly request the registration of United Brothers Co. on Hikma Pharmaceuticals Egypt's approved vendor/contractor list so we can be considered in upcoming maintenance and project tenders. We understand supplier registration is managed through your Ivalua portal (hikmasuppliers.ivalua.com); we would appreciate an invitation to register as a contractor for civil and mechanical maintenance works at your Egypt sites.

Could you kindly share your vendor registration procedure or pre-qualification form, and confirm the correct email address of the responsible department? Our commercial registration, tax card, HSE/QA documentation and full capability statement are ready to submit.

Respectfully,
[Name] — Vendor Relations
United Brothers Co. — Industrial Civil Works | Steel Fabrication | Piping | Mechanical Installations
Email: contact.ubcsis@gmail.com | Mobile/WhatsApp: [add number]",DRAFT IN GMAIL (Martina Adel format)
5,SEDICO,info@sedico.net,"Vendor Registration Request — Industrial Civil Works, Steel Fabrication & Piping — United Brothers Co.","Dear Sirs — Procurement & Engineering Department, SEDICO,

United Brothers Co. is an Egyptian industrial contractor specialized in:
- Industrial civil works and rapid civil maintenance inside operating plants
- Steel structure fabrication and erection, with full material traceability and QA/QC dossiers
- Piping prefabrication, erection and shutdown/turnaround support (certified welders; WPS/PQR available)
- Mechanical equipment installation

Our clients include multinational producers in the power, building materials and chemical sectors in Egypt; reference letters are available upon request.

We kindly request the registration of United Brothers Co. on SEDICO's approved vendor/contractor list so we can be considered in upcoming maintenance and project tenders. We deliver cold-chain warehouse civil works, utility piping and structural additions around continuously running production suites at 6th of October City.

Could you kindly share your vendor registration procedure or pre-qualification form, and confirm the correct email address of the responsible department? Our commercial registration, tax card, HSE/QA documentation and full capability statement are ready to submit.

Respectfully,
[Name] — Vendor Relations
United Brothers Co. — Industrial Civil Works | Steel Fabrication | Piping | Mechanical Installations
Email: contact.ubcsis@gmail.com | Mobile/WhatsApp: [add number]",DRAFT IN GMAIL (Martina Adel format)
5,October Pharma,info@octoberpharma.com,"Vendor Registration Request — Industrial Civil Works, Steel Fabrication & Piping — United Brothers Co.","Dear Sirs — Procurement & Engineering Department, October Pharma,

United Brothers Co. is an Egyptian industrial contractor specialized in:
- Industrial civil works and rapid civil maintenance inside operating plants
- Steel structure fabrication and erection, with full material traceability and QA/QC dossiers
- Piping prefabrication, erection and shutdown/turnaround support (certified welders; WPS/PQR available)
- Mechanical equipment installation

Our clients include multinational producers in the power, building materials and chemical sectors in Egypt; reference letters are available upon request.

We kindly request the registration of United Brothers Co. on October Pharma's approved vendor/contractor list so we can be considered in upcoming maintenance and project tenders. We deliver steel platforms, HVAC support structures and civil modifications with full QA documentation for line additions.

Could you kindly share your vendor registration procedure or pre-qualification form, and confirm the correct email address of the responsible department? Our commercial registration, tax card, HSE/QA documentation and full capability statement are ready to submit.

Respectfully,
[Name] — Vendor Relations
United Brothers Co. — Industrial Civil Works | Steel Fabrication | Piping | Mechanical Installations
Email: contact.ubcsis@gmail.com | Mobile/WhatsApp: [add number]",DRAFT IN GMAIL (Martina Adel format)
5,Rameda Pharmaceuticals,info@rameda.com,"Vendor Registration Request — Industrial Civil Works, Steel Fabrication & Piping — United Brothers Co.","Dear Sirs — Procurement & Engineering Department, Rameda,

United Brothers Co. is an Egyptian industrial contractor specialized in:
- Industrial civil works and rapid civil maintenance inside operating plants
- Steel structure fabrication and erection, with full material traceability and QA/QC dossiers
- Piping prefabrication, erection and shutdown/turnaround support (certified welders; WPS/PQR available)
- Mechanical equipment installation

Our clients include multinational producers in the power, building materials and chemical sectors in Egypt; reference letters are available upon request.

We kindly request the registration of United Brothers Co. on Rameda Pharmaceuticals's approved vendor/contractor list so we can be considered in upcoming maintenance and project tenders. We execute mid-size mechanical/civil packages — utility piping and equipment foundations — with fast mobilization for active capex programs at 6th of October City.

Could you kindly share your vendor registration procedure or pre-qualification form, and confirm the correct email address of the responsible department? Our commercial registration, tax card, HSE/QA documentation and full capability statement are ready to submit.

Respectfully,
[Name] — Vendor Relations
United Brothers Co. — Industrial Civil Works | Steel Fabrication | Piping | Mechanical Installations
Email: contact.ubcsis@gmail.com | Mobile/WhatsApp: [add number]",DRAFT IN GMAIL (Martina Adel format)
5,VACSERA,vacserateam@vacsera.com,"Vendor Registration Request — Industrial Civil Works, Steel Fabrication & Piping — United Brothers Co.","Dear Sirs — Procurement & Tendering Department, VACSERA,

United Brothers Co. is an Egyptian industrial contractor specialized in:
- Industrial civil works and rapid civil maintenance inside operating plants
- Steel structure fabrication and erection, with full material traceability and QA/QC dossiers
- Piping prefabrication, erection and shutdown/turnaround support (certified welders; WPS/PQR available)
- Mechanical equipment installation

Our clients include multinational producers in the power, building materials and chemical sectors in Egypt; reference letters are available upon request.

We kindly request the registration of United Brothers Co. on VACSERA's approved vendor/contractor list so we can be considered in upcoming maintenance and project tenders. We would like to be registered for your vaccine-manufacturing expansion program tenders — new-build civil/steel packages and rehabilitation of legacy facilities.

Could you kindly share your vendor registration procedure or pre-qualification form, and confirm the correct email address of the responsible department? Our commercial registration, tax card, HSE/QA documentation and full capability statement are ready to submit.

Respectfully,
[Name] — Vendor Relations
United Brothers Co. — Industrial Civil Works | Steel Fabrication | Piping | Mechanical Installations
Email: contact.ubcsis@gmail.com | Mobile/WhatsApp: [add number]",DRAFT IN GMAIL (Martina Adel format)
5,Marcyrl Pharmaceutical Industries,marcyrl@marcyrl.com; info@marcyrlgp.com,"Vendor Registration Request — Industrial Civil Works, Steel Fabrication & Piping — United Brothers Co.","Dear Sirs — Procurement & Engineering Department, Marcyrl,

United Brothers Co. is an Egyptian industrial contractor specialized in:
- Industrial civil works and rapid civil maintenance inside operating plants
- Steel structure fabrication and erection, with full material traceability and QA/QC dossiers
- Piping prefabrication, erection and shutdown/turnaround support (certified welders; WPS/PQR available)
- Mechanical equipment installation

Our clients include multinational producers in the power, building materials and chemical sectors in Egypt; reference letters are available upon request.

We kindly request the registration of United Brothers Co. on Marcyrl Pharmaceutical Industries's approved vendor/contractor list so we can be considered in upcoming maintenance and project tenders. We deliver new-line steel structures, clean-utility piping support and site civil infrastructure on aggressive timelines for expanding export-focused plants.

Could you kindly share your vendor registration procedure or pre-qualification form, and confirm the correct email address of the responsible department? Our commercial registration, tax card, HSE/QA documentation and full capability statement are ready to submit.

Respectfully,
[Name] — Vendor Relations
United Brothers Co. — Industrial Civil Works | Steel Fabrication | Piping | Mechanical Installations
Email: contact.ubcsis@gmail.com | Mobile/WhatsApp: [add number]",DRAFT IN GMAIL (Martina Adel format)
5,Medical Union Pharmaceuticals (MUP),info@mupeg.com,"Vendor Registration Request — Industrial Civil Works, Steel Fabrication & Piping — United Brothers Co.","Dear Sirs — Procurement & Engineering Department, MUP,

United Brothers Co. is an Egyptian industrial contractor specialized in:
- Industrial civil works and rapid civil maintenance inside operating plants
- Steel structure fabrication and erection, with full material traceability and QA/QC dossiers
- Piping prefabrication, erection and shutdown/turnaround support (certified welders; WPS/PQR available)
- Mechanical equipment installation

Our clients include multinational producers in the power, building materials and chemical sectors in Egypt; reference letters are available upon request.

We kindly request the registration of United Brothers Co. on Medical Union Pharmaceuticals (MUP)'s approved vendor/contractor list so we can be considered in upcoming maintenance and project tenders. We support boiler/steam systems, water-treatment civil works and phased building rehabilitation, and can mobilize readily to your Abu Sultan campus on the Suez Canal corridor.

Could you kindly share your vendor registration procedure or pre-qualification form, and confirm the correct email address of the responsible department? Our commercial registration, tax card, HSE/QA documentation and full capability statement are ready to submit.

Respectfully,
[Name] — Vendor Relations
United Brothers Co. — Industrial Civil Works | Steel Fabrication | Piping | Mechanical Installations
Email: contact.ubcsis@gmail.com | Mobile/WhatsApp: [add number]",DRAFT IN GMAIL (Martina Adel format)
5,GlaxoSmithKline Egypt,ae.egypt@gsk.com,"Vendor Registration Request — Industrial Civil Works, Steel Fabrication & Piping — United Brothers Co.","Dear Sirs — Procurement / Supplier Relations, GSK Egypt,

United Brothers Co. is an Egyptian industrial contractor specialized in:
- Industrial civil works and rapid civil maintenance inside operating plants
- Steel structure fabrication and erection, with full material traceability and QA/QC dossiers
- Piping prefabrication, erection and shutdown/turnaround support (certified welders; WPS/PQR available)
- Mechanical equipment installation

Our clients include multinational producers in the power, building materials and chemical sectors in Egypt; reference letters are available upon request.

We kindly request the registration of United Brothers Co. on GlaxoSmithKline Egypt's approved vendor/contractor list so we can be considered in upcoming maintenance and project tenders. We meet global contractor-safety pre-qualification standards and would appreciate guidance on registering through the GSK supplier portal (supplier.gsk.com) for facility civil and mechanical maintenance works at your El Salam City site.

Could you kindly share your vendor registration procedure or pre-qualification form, and confirm the correct email address of the responsible department? Our commercial registration, tax card, HSE/QA documentation and full capability statement are ready to submit.

Respectfully,
[Name] — Vendor Relations
United Brothers Co. — Industrial Civil Works | Steel Fabrication | Piping | Mechanical Installations
Email: contact.ubcsis@gmail.com | Mobile/WhatsApp: [add number]",DRAFT IN GMAIL (Martina Adel format)
6,Mac Carpet,os@maccarpet.com,"Vendor Registration Request — Industrial Civil Works, Steel Fabrication & Piping — United Brothers Co.","Dear Sirs — Procurement & Engineering Department, Mac Carpet,

United Brothers Co. is an Egyptian industrial contractor specialized in:
- Industrial civil works and rapid civil maintenance inside operating plants
- Steel structure fabrication and erection, with full material traceability and QA/QC dossiers
- Piping prefabrication, erection and shutdown/turnaround support (certified welders; WPS/PQR available)
- Mechanical equipment installation

Our clients include multinational producers in the power, building materials and chemical sectors in Egypt; reference letters are available upon request.

We kindly request the registration of United Brothers Co. on Mac Carpet's approved vendor/contractor list so we can be considered in upcoming maintenance and project tenders. We execute steel structures, roofing/cladding renewal and utility piping around 24/7 production at 10th of Ramadan City.

Could you kindly share your vendor registration procedure or pre-qualification form, and confirm the correct email address of the responsible department? Our commercial registration, tax card, HSE/QA documentation and full capability statement are ready to submit.

Respectfully,
[Name] — Vendor Relations
United Brothers Co. — Industrial Civil Works | Steel Fabrication | Piping | Mechanical Installations
Email: contact.ubcsis@gmail.com | Mobile/WhatsApp: [add number]",DRAFT IN GMAIL (Martina Adel format)
6,Egyplast (Elsewedy Group),egyplast@elsewedy-plastic.com,"Vendor Registration Request — Industrial Civil Works, Steel Fabrication & Piping — United Brothers Co.","Dear Sirs — Procurement Department, Egyplast,

United Brothers Co. is an Egyptian industrial contractor specialized in:
- Industrial civil works and rapid civil maintenance inside operating plants
- Steel structure fabrication and erection, with full material traceability and QA/QC dossiers
- Piping prefabrication, erection and shutdown/turnaround support (certified welders; WPS/PQR available)
- Mechanical equipment installation

Our clients include multinational producers in the power, building materials and chemical sectors in Egypt; reference letters are available upon request.

We kindly request the registration of United Brothers Co. on Egyplast (Elsewedy Group)'s approved vendor/contractor list so we can be considered in upcoming maintenance and project tenders. We deliver silo foundations, material-handling steel and process-utility piping for compound plants at 10th of Ramadan City.

Could you kindly share your vendor registration procedure or pre-qualification form, and confirm the correct email address of the responsible department? Our commercial registration, tax card, HSE/QA documentation and full capability statement are ready to submit.

Respectfully,
[Name] — Vendor Relations
United Brothers Co. — Industrial Civil Works | Steel Fabrication | Piping | Mechanical Installations
Email: contact.ubcsis@gmail.com | Mobile/WhatsApp: [add number]",DRAFT IN GMAIL (Martina Adel format)
6,Taghleef Industries Egypt,staff@ti-films.com,"Vendor Registration Request — Industrial Civil Works, Steel Fabrication & Piping — United Brothers Co.","Dear Sirs — Procurement & Engineering Department, Taghleef Industries Egypt,

United Brothers Co. is an Egyptian industrial contractor specialized in:
- Industrial civil works and rapid civil maintenance inside operating plants
- Steel structure fabrication and erection, with full material traceability and QA/QC dossiers
- Piping prefabrication, erection and shutdown/turnaround support (certified welders; WPS/PQR available)
- Mechanical equipment installation

Our clients include multinational producers in the power, building materials and chemical sectors in Egypt; reference letters are available upon request.

We kindly request the registration of United Brothers Co. on Taghleef Industries Egypt's approved vendor/contractor list so we can be considered in upcoming maintenance and project tenders. We deliver heavy machine foundations, chilled-water piping and clean warehouse civil works with the documentation your global group standards require.

Could you kindly share your vendor registration procedure or pre-qualification form, and confirm the correct email address of the responsible department? Our commercial registration, tax card, HSE/QA documentation and full capability statement are ready to submit.

Respectfully,
[Name] — Vendor Relations
United Brothers Co. — Industrial Civil Works | Steel Fabrication | Piping | Mechanical Installations
Email: contact.ubcsis@gmail.com | Mobile/WhatsApp: [add number]",DRAFT IN GMAIL (Martina Adel format)
6,Flex P. Films Egypt (UFlex),enquiry.eg@flexfilm.com,"Vendor Registration Request — Industrial Civil Works, Steel Fabrication & Piping — United Brothers Co.","Dear Sirs — Procurement & Engineering Department, Flex P. Films Egypt,

United Brothers Co. is an Egyptian industrial contractor specialized in:
- Industrial civil works and rapid civil maintenance inside operating plants
- Steel structure fabrication and erection, with full material traceability and QA/QC dossiers
- Piping prefabrication, erection and shutdown/turnaround support (certified welders; WPS/PQR available)
- Mechanical equipment installation

Our clients include multinational producers in the power, building materials and chemical sectors in Egypt; reference letters are available upon request.

We kindly request the registration of United Brothers Co. on Flex P. Films Egypt (UFlex)'s approved vendor/contractor list so we can be considered in upcoming maintenance and project tenders. We deliver precision equipment foundations, utility piping and steel mezzanines with full engineering documentation for film-line facilities.

Could you kindly share your vendor registration procedure or pre-qualification form, and confirm the correct email address of the responsible department? Our commercial registration, tax card, HSE/QA documentation and full capability statement are ready to submit.

Respectfully,
[Name] — Vendor Relations
United Brothers Co. — Industrial Civil Works | Steel Fabrication | Piping | Mechanical Installations
Email: contact.ubcsis@gmail.com | Mobile/WhatsApp: [add number]",DRAFT IN GMAIL (Martina Adel format)
6,Evyap Egypt,info.eg@evyap.com,"Vendor Registration Request — Industrial Civil Works, Steel Fabrication & Piping — United Brothers Co.","Dear Sirs — Procurement Department, Evyap Egypt,

United Brothers Co. is an Egyptian industrial contractor specialized in:
- Industrial civil works and rapid civil maintenance inside operating plants
- Steel structure fabrication and erection, with full material traceability and QA/QC dossiers
- Piping prefabrication, erection and shutdown/turnaround support (certified welders; WPS/PQR available)
- Mechanical equipment installation

Our clients include multinational producers in the power, building materials and chemical sectors in Egypt; reference letters are available upon request.

We kindly request the registration of United Brothers Co. on Evyap Egypt's approved vendor/contractor list so we can be considered in upcoming maintenance and project tenders. We support saponification-area piping, oils tank farms and export-warehouse civil works in the Sokhna TEDA zone.

Could you kindly share your vendor registration procedure or pre-qualification form, and confirm the correct email address of the responsible department? Our commercial registration, tax card, HSE/QA documentation and full capability statement are ready to submit.

Respectfully,
[Name] — Vendor Relations
United Brothers Co. — Industrial Civil Works | Steel Fabrication | Piping | Mechanical Installations
Email: contact.ubcsis@gmail.com | Mobile/WhatsApp: [add number]",DRAFT IN GMAIL (Martina Adel format)
6,Fine Hygienic Holding Egypt,info@finehh.com,"Vendor Registration Request — Industrial Civil Works, Steel Fabrication & Piping — United Brothers Co.","Dear Sirs — Procurement & Engineering Department, Fine Hygienic Holding,

United Brothers Co. is an Egyptian industrial contractor specialized in:
- Industrial civil works and rapid civil maintenance inside operating plants
- Steel structure fabrication and erection, with full material traceability and QA/QC dossiers
- Piping prefabrication, erection and shutdown/turnaround support (certified welders; WPS/PQR available)
- Mechanical equipment installation

Our clients include multinational producers in the power, building materials and chemical sectors in Egypt; reference letters are available upon request.

We kindly request the registration of United Brothers Co. on Fine Hygienic Holding Egypt's approved vendor/contractor list so we can be considered in upcoming maintenance and project tenders. We deliver paper-machine area steelwork, steam piping and water-treatment civil upgrades within short, penalty-driven maintenance windows.

Could you kindly share your vendor registration procedure or pre-qualification form, and confirm the correct email address of the responsible department? Our commercial registration, tax card, HSE/QA documentation and full capability statement are ready to submit.

Respectfully,
[Name] — Vendor Relations
United Brothers Co. — Industrial Civil Works | Steel Fabrication | Piping | Mechanical Installations
Email: contact.ubcsis@gmail.com | Mobile/WhatsApp: [add number]",DRAFT IN GMAIL (Martina Adel format)
6,General Co. for Paper Industry (RAKTA),Rakta_alex@yahoo.com,"Vendor Registration Request — Industrial Civil Works, Steel Fabrication & Piping — United Brothers Co.","Dear Sirs — Procurement & Tendering Department, RAKTA,

United Brothers Co. is an Egyptian industrial contractor specialized in:
- Industrial civil works and rapid civil maintenance inside operating plants
- Steel structure fabrication and erection, with full material traceability and QA/QC dossiers
- Piping prefabrication, erection and shutdown/turnaround support (certified welders; WPS/PQR available)
- Mechanical equipment installation

Our clients include multinational producers in the power, building materials and chemical sectors in Egypt; reference letters are available upon request.

We kindly request the registration of United Brothers Co. on General Co. for Paper Industry (RAKTA)'s approved vendor/contractor list so we can be considered in upcoming maintenance and project tenders. We rehabilitate pulper/machine-hall structures, large-bore water piping and legacy industrial buildings, and regularly participate in public-sector tenders in Alexandria.

Could you kindly share your vendor registration procedure or pre-qualification form, and confirm the correct email address of the responsible department? Our commercial registration, tax card, HSE/QA documentation and full capability statement are ready to submit.

Respectfully,
[Name] — Vendor Relations
United Brothers Co. — Industrial Civil Works | Steel Fabrication | Piping | Mechanical Installations
Email: contact.ubcsis@gmail.com | Mobile/WhatsApp: [add number]",DRAFT IN GMAIL (Martina Adel format)
7,Suez Cement Group (Heidelberg Materials),Info-Egypt@heidelbergmaterials.com,"Vendor Registration Request — Industrial Civil Works, Steel Fabrication & Piping — United Brothers Co.","Dear Sirs — Procurement Department, Heidelberg Materials Egypt,

United Brothers Co. is an Egyptian industrial contractor specialized in:
- Industrial civil works and rapid civil maintenance inside operating plants
- Steel structure fabrication and erection, with full material traceability and QA/QC dossiers
- Piping prefabrication, erection and shutdown/turnaround support (certified welders; WPS/PQR available)
- Mechanical equipment installation

Our clients include multinational producers in the power, building materials and chemical sectors in Egypt; reference letters are available upon request.

We kindly request the registration of United Brothers Co. on Suez Cement Group (Heidelberg Materials)'s approved vendor/contractor list so we can be considered in upcoming maintenance and project tenders. We execute preheater-tower steel repairs, duct fabrication, conveyor galleries and heavy civil rehabilitation during kiln shutdowns, with contractor-safety documentation aligned to Heidelberg pre-qualification.

Could you kindly share your vendor registration procedure or pre-qualification form, and confirm the correct email address of the responsible department? Our commercial registration, tax card, HSE/QA documentation and full capability statement are ready to submit.

Respectfully,
[Name] — Vendor Relations
United Brothers Co. — Industrial Civil Works | Steel Fabrication | Piping | Mechanical Installations
Email: contact.ubcsis@gmail.com | Mobile/WhatsApp: [add number]",DRAFT IN GMAIL (Martina Adel format)
7,Amreya Cement (InterCement),Info@amreyahcement.com,"Vendor Registration Request — Industrial Civil Works, Steel Fabrication & Piping — United Brothers Co.","Dear Sirs — Procurement Department, Amreya Cement,

United Brothers Co. is an Egyptian industrial contractor specialized in:
- Industrial civil works and rapid civil maintenance inside operating plants
- Steel structure fabrication and erection, with full material traceability and QA/QC dossiers
- Piping prefabrication, erection and shutdown/turnaround support (certified welders; WPS/PQR available)
- Mechanical equipment installation

Our clients include multinational producers in the power, building materials and chemical sectors in Egypt; reference letters are available upon request.

We kindly request the registration of United Brothers Co. on Amreya Cement (InterCement)'s approved vendor/contractor list so we can be considered in upcoming maintenance and project tenders. We deliver kiln-line refurbishment and quarry-to-plant conveyor maintenance — steel-intensive scopes fabricated in our own workshop.

Could you kindly share your vendor registration procedure or pre-qualification form, and confirm the correct email address of the responsible department? Our commercial registration, tax card, HSE/QA documentation and full capability statement are ready to submit.

Respectfully,
[Name] — Vendor Relations
United Brothers Co. — Industrial Civil Works | Steel Fabrication | Piping | Mechanical Installations
Email: contact.ubcsis@gmail.com | Mobile/WhatsApp: [add number]",DRAFT IN GMAIL (Martina Adel format)
7,Sphinx Glass,info@sphinxglass.com; Projects@sphinxglass.com,"Vendor Registration Request — Industrial Civil Works, Steel Fabrication & Piping — United Brothers Co.","Dear Sirs — Procurement & Projects Department, Sphinx Glass,

United Brothers Co. is an Egyptian industrial contractor specialized in:
- Industrial civil works and rapid civil maintenance inside operating plants
- Steel structure fabrication and erection, with full material traceability and QA/QC dossiers
- Piping prefabrication, erection and shutdown/turnaround support (certified welders; WPS/PQR available)
- Mechanical equipment installation

Our clients include multinational producers in the power, building materials and chemical sectors in Egypt; reference letters are available upon request.

We kindly request the registration of United Brothers Co. on Sphinx Glass's approved vendor/contractor list so we can be considered in upcoming maintenance and project tenders. We deliver furnace-adjacent steel repairs, batch-plant structures and mechanical works for planned cold repairs and continuous hot-end operations at Sadat City.

Could you kindly share your vendor registration procedure or pre-qualification form, and confirm the correct email address of the responsible department? Our commercial registration, tax card, HSE/QA documentation and full capability statement are ready to submit.

Respectfully,
[Name] — Vendor Relations
United Brothers Co. — Industrial Civil Works | Steel Fabrication | Piping | Mechanical Installations
Email: contact.ubcsis@gmail.com | Mobile/WhatsApp: [add number]",DRAFT IN GMAIL (Martina Adel format)
7,Middle East Glass Manufacturing (MEG),info@meg.com.eg,"Vendor Registration Request — Industrial Civil Works, Steel Fabrication & Piping — United Brothers Co.","Dear Sirs — Procurement Department, Middle East Glass,

United Brothers Co. is an Egyptian industrial contractor specialized in:
- Industrial civil works and rapid civil maintenance inside operating plants
- Steel structure fabrication and erection, with full material traceability and QA/QC dossiers
- Piping prefabrication, erection and shutdown/turnaround support (certified welders; WPS/PQR available)
- Mechanical equipment installation

Our clients include multinational producers in the power, building materials and chemical sectors in Egypt; reference letters are available upon request.

We kindly request the registration of United Brothers Co. on Middle East Glass Manufacturing (MEG)'s approved vendor/contractor list so we can be considered in upcoming maintenance and project tenders. We deliver furnace-rebuild support steel, batch-house civil repairs and utility piping between production campaigns.

Could you kindly share your vendor registration procedure or pre-qualification form, and confirm the correct email address of the responsible department? Our commercial registration, tax card, HSE/QA documentation and full capability statement are ready to submit.

Respectfully,
[Name] — Vendor Relations
United Brothers Co. — Industrial Civil Works | Steel Fabrication | Piping | Mechanical Installations
Email: contact.ubcsis@gmail.com | Mobile/WhatsApp: [add number]",DRAFT IN GMAIL (Martina Adel format)
7,DP World Sokhna,dpwsokhna.commercial@dpworld.com,"Vendor Registration Request — Industrial Civil Works, Steel Fabrication & Piping — United Brothers Co.","Dear Sirs — Commercial / Procurement, DP World Sokhna,

United Brothers Co. is an Egyptian industrial contractor specialized in:
- Industrial civil works and rapid civil maintenance inside operating plants
- Steel structure fabrication and erection, with full material traceability and QA/QC dossiers
- Piping prefabrication, erection and shutdown/turnaround support (certified welders; WPS/PQR available)
- Mechanical equipment installation

Our clients include multinational producers in the power, building materials and chemical sectors in Egypt; reference letters are available upon request.

We kindly request the registration of United Brothers Co. on DP World Sokhna's approved vendor/contractor list so we can be considered in upcoming maintenance and project tenders. We deliver warehouse steel structures, canopies, quay-side civil works and utility networks, and would appreciate an invitation to register through the DP World supplier portal for the Sokhna terminal expansion program.

Could you kindly share your vendor registration procedure or pre-qualification form, and confirm the correct email address of the responsible department? Our commercial registration, tax card, HSE/QA documentation and full capability statement are ready to submit.

Respectfully,
[Name] — Vendor Relations
United Brothers Co. — Industrial Civil Works | Steel Fabrication | Piping | Mechanical Installations
Email: contact.ubcsis@gmail.com | Mobile/WhatsApp: [add number]",DRAFT IN GMAIL (Martina Adel format)
7,Alexandria Container & Cargo Handling Co.,alexcont@alexcont.com,"Vendor Registration Request — Industrial Civil Works, Steel Fabrication & Piping — United Brothers Co.","Dear Sirs — Procurement & Tendering Department, Alexandria Container & Cargo Handling,

United Brothers Co. is an Egyptian industrial contractor specialized in:
- Industrial civil works and rapid civil maintenance inside operating plants
- Steel structure fabrication and erection, with full material traceability and QA/QC dossiers
- Piping prefabrication, erection and shutdown/turnaround support (certified welders; WPS/PQR available)
- Mechanical equipment installation

Our clients include multinational producers in the power, building materials and chemical sectors in Egypt; reference letters are available upon request.

We kindly request the registration of United Brothers Co. on Alexandria Container & Cargo Handling Co.'s approved vendor/contractor list so we can be considered in upcoming maintenance and project tenders. We follow your published tenders page and would like to be registered for yard expansion, steel maintenance sheds, crane-rail civil works and drainage rehabilitation tenders.

Could you kindly share your vendor registration procedure or pre-qualification form, and confirm the correct email address of the responsible department? Our commercial registration, tax card, HSE/QA documentation and full capability statement are ready to submit.

Respectfully,
[Name] — Vendor Relations
United Brothers Co. — Industrial Civil Works | Steel Fabrication | Piping | Mechanical Installations
Email: contact.ubcsis@gmail.com | Mobile/WhatsApp: [add number]",DRAFT IN GMAIL (Martina Adel format)
7,Lecico Egypt,export@lecico.com.eg,"Vendor Registration Request — Industrial Civil Works, Steel Fabrication & Piping — United Brothers Co.","Dear Sirs — Lecico Egypt (kindly forward to the Procurement/Engineering Department),

United Brothers Co. is an Egyptian industrial contractor specialized in:
- Industrial civil works and rapid civil maintenance inside operating plants
- Steel structure fabrication and erection, with full material traceability and QA/QC dossiers
- Piping prefabrication, erection and shutdown/turnaround support (certified welders; WPS/PQR available)
- Mechanical equipment installation

Our clients include multinational producers in the power, building materials and chemical sectors in Egypt; reference letters are available upon request.

We kindly request the registration of United Brothers Co. on Lecico Egypt's approved vendor/contractor list so we can be considered in upcoming maintenance and project tenders. We deliver kiln-hall structural repairs, utility re-piping and phased civil rehabilitation without interrupting firing schedules at Borg El Arab.

Could you kindly share your vendor registration procedure or pre-qualification form, and confirm the correct email address of the responsible department? Our commercial registration, tax card, HSE/QA documentation and full capability statement are ready to submit.

Respectfully,
[Name] — Vendor Relations
United Brothers Co. — Industrial Civil Works | Steel Fabrication | Piping | Mechanical Installations
Email: contact.ubcsis@gmail.com | Mobile/WhatsApp: [add number]",DRAFT IN GMAIL (Martina Adel format)
